DATAFLOW,LAST UPDATE,freq,unit,geo,TIME_PERIOD,OBS_VALUE,OBS_FLAG,CONF_STATUS
ESTAT:SDG_16_50(1.0),25/04/25 23:00:00,Annual,Score,Albania,2012,33,,
ESTAT:SDG_16_50(1.0),25/04/25 23:00:00,Annual,Score,Albania,2013,31,,
ESTAT:SDG_16_50(1.0),25/04/25 23:00:00,Annual,Score,Albania,2014,33,,
ESTAT:SDG_16_50(1.0),25/04/25 23:00:00,Annual,Score,Albania,2015,36,,
ESTAT:SDG_16_50(1.0),25/04/25 23:00:00,Annual,Score,Albania,2016,39,,
ESTAT:SDG_16_50(1.0),25/04/25 23:00:00,Annual,Score,Albania,2017,38,,
ESTAT:SDG_16_50(1.0),25/04/25 23:00:00,Annual,Score,Albania,2018,36,,
ESTAT:SDG_16_50(1.0),25/04/25 23:00:00,Annual,Score,Albania,2019,35,,
ESTAT:SDG_16_50(1.0),25/04/25 23:00:00,Annual,Score,Albania,2020,36,,
ESTAT:SDG_16_50(1.0),25/04/25 23:00:00,Annual,Score,Albania,2021,35,,
ESTAT:SDG_16_50(1.0),25/04/25 23:00:00,Annual,Score,Albania,2022,36,,
ESTAT:SDG_16_50(1.0),25/04/25 23:00:00,Annual,Score,Albania,2023,37,,
ESTAT:SDG_16_50(1.0),25/04/25 23:00:00,Annual,Score,Albania,2024,42,,
ESTAT:SDG_16_50(1.0),25/04/25 23:00:00,Annual,Score,Austria,2012,69,,
ESTAT:SDG_16_50(1.0),25/04/25 23:00:00,Annual,Score,Austria,2013,69,,
ESTAT:SDG_16_50(1.0),25/04/25 23:00:00,Annual,Score,Austria,2014,72,,
ESTAT:SDG_16_50(1.0),25/04/25 23:00:00,Annual,Score,Austria,2015,76,,
ESTAT:SDG_16_50(1.0),25/04/25 23:00:00,Annual,Score,Austria,2016,75,,
ESTAT:SDG_16_50(1.0),25/04/25 23:00:00,Annual,Score,Austria,2017,75,,
ESTAT:SDG_16_50(1.0),25/04/25 23:00:00,Annual,Score,Austria,2018,76,,
ESTAT:SDG_16_50(1.0),25/04/25 23:00:00,Annual,Score,Austria,2019,77,,
ESTAT:SDG_16_50(1.0),25/04/25 23:00:00,Annual,Score,Austria,2020,76,,
ESTAT:SDG_16_50(1.0),25/04/25 23:00:00,Annual,Score,Austria,2021,74,,
ESTAT:SDG_16_50(1.0),25/04/25 23:00:00,Annual,Score,Austria,2022,71,,
ESTAT:SDG_16_50(1.0),25/04/25 23:00:00,Annual,Score,Austria,2023,71,,
ESTAT:SDG_16_50(1.0),25/04/25 23:00:00,Annual,Score,Austria,2024,67,,
ESTAT:SDG_16_50(1.0),25/04/25 23:00:00,Annual,Score,Bosnia and Herzegovina,2012,42,,
ESTAT:SDG_16_50(1.0),25/04/25 23:00:00,Annual,Score,Bosnia and Herzegovina,2013,42,,
ESTAT:SDG_16_50(1.0),25/04/25 23:00:00,Annual,Score,Bosnia and Herzegovina,2014,39,,
ESTAT:SDG_16_50(1.0),25/04/25 23:00:00,Annual,Score,Bosnia and Herzegovina,2015,38,,
ESTAT:SDG_16_50(1.0),25/04/25 23:00:00,Annual,Score,Bosnia and Herzegovina,2016,39,,
ESTAT:SDG_16_50(1.0),25/04/25 23:00:00,Annual,Score,Bosnia and Herzegovina,2017,38,,
ESTAT:SDG_16_50(1.0),25/04/25 23:00:00,Annual,Score,Bosnia and Herzegovina,2018,38,,
ESTAT:SDG_16_50(1.0),25/04/25 23:00:00,Annual,Score,Bosnia and Herzegovina,2019,36,,
ESTAT:SDG_16_50(1.0),25/04/25 23:00:00,Annual,Score,Bosnia and Herzegovina,2020,35,,
ESTAT:SDG_16_50(1.0),25/04/25 23:00:00,Annual,Score,Bosnia and Herzegovina,2021,35,,
ESTAT:SDG_16_50(1.0),25/04/25 23:00:00,Annual,Score,Bosnia and Herzegovina,2022,34,,
ESTAT:SDG_16_50(1.0),25/04/25 23:00:00,Annual,Score,Bosnia and Herzegovina,2023,35,,
ESTAT:SDG_16_50(1.0),25/04/25 23:00:00,Annual,Score,Bosnia and Herzegovina,2024,33,,
ESTAT:SDG_16_50(1.0),25/04/25 23:00:00,Annual,Score,Belgium,2012,75,,
ESTAT:SDG_16_50(1.0),25/04/25 23:00:00,Annual,Score,Belgium,2013,75,,
ESTAT:SDG_16_50(1.0),25/04/25 23:00:00,Annual,Score,Belgium,2014,76,,
ESTAT:SDG_16_50(1.0),25/04/25 23:00:00,Annual,Score,Belgium,2015,77,,
ESTAT:SDG_16_50(1.0),25/04/25 23:00:00,Annual,Score,Belgium,2016,77,,
ESTAT:SDG_16_50(1.0),25/04/25 23:00:00,Annual,Score,Belgium,2017,75,,
ESTAT:SDG_16_50(1.0),25/04/25 23:00:00,Annual,Score,Belgium,2018,75,,
ESTAT:SDG_16_50(1.0),25/04/25 23:00:00,Annual,Score,Belgium,2019,75,,
ESTAT:SDG_16_50(1.0),25/04/25 23:00:00,Annual,Score,Belgium,2020,76,,
ESTAT:SDG_16_50(1.0),25/04/25 23:00:00,Annual,Score,Belgium,2021,73,,
ESTAT:SDG_16_50(1.0),25/04/25 23:00:00,Annual,Score,Belgium,2022,73,,
ESTAT:SDG_16_50(1.0),25/04/25 23:00:00,Annual,Score,Belgium,2023,73,,
ESTAT:SDG_16_50(1.0),25/04/25 23:00:00,Annual,Score,Belgium,2024,69,,
ESTAT:SDG_16_50(1.0),25/04/25 23:00:00,Annual,Score,Bulgaria,2012,41,,
ESTAT:SDG_16_50(1.0),25/04/25 23:00:00,Annual,Score,Bulgaria,2013,41,,
ESTAT:SDG_16_50(1.0),25/04/25 23:00:00,Annual,Score,Bulgaria,2014,43,,
ESTAT:SDG_16_50(1.0),25/04/25 23:00:00,Annual,Score,Bulgaria,2015,41,,
ESTAT:SDG_16_50(1.0),25/04/25 23:00:00,Annual,Score,Bulgaria,2016,41,,
ESTAT:SDG_16_50(1.0),25/04/25 23:00:00,Annual,Score,Bulgaria,2017,43,,
ESTAT:SDG_16_50(1.0),25/04/25 23:00:00,Annual,Score,Bulgaria,2018,42,,
ESTAT:SDG_16_50(1.0),25/04/25 23:00:00,Annual,Score,Bulgaria,2019,43,,
ESTAT:SDG_16_50(1.0),25/04/25 23:00:00,Annual,Score,Bulgaria,2020,44,,
ESTAT:SDG_16_50(1.0),25/04/25 23:00:00,Annual,Score,Bulgaria,2021,42,,
ESTAT:SDG_16_50(1.0),25/04/25 23:00:00,Annual,Score,Bulgaria,2022,43,,
ESTAT:SDG_16_50(1.0),25/04/25 23:00:00,Annual,Score,Bulgaria,2023,45,,
ESTAT:SDG_16_50(1.0),25/04/25 23:00:00,Annual,Score,Bulgaria,2024,43,,
ESTAT:SDG_16_50(1.0),25/04/25 23:00:00,Annual,Score,Switzerland,2012,86,,
ESTAT:SDG_16_50(1.0),25/04/25 23:00:00,Annual,Score,Switzerland,2013,85,,
ESTAT:SDG_16_50(1.0),25/04/25 23:00:00,Annual,Score,Switzerland,2014,86,,
ESTAT:SDG_16_50(1.0),25/04/25 23:00:00,Annual,Score,Switzerland,2015,86,,
ESTAT:SDG_16_50(1.0),25/04/25 23:00:00,Annual,Score,Switzerland,2016,86,,
ESTAT:SDG_16_50(1.0),25/04/25 23:00:00,Annual,Score,Switzerland,2017,85,,
ESTAT:SDG_16_50(1.0),25/04/25 23:00:00,Annual,Score,Switzerland,2018,85,,
ESTAT:SDG_16_50(1.0),25/04/25 23:00:00,Annual,Score,Switzerland,2019,85,,
ESTAT:SDG_16_50(1.0),25/04/25 23:00:00,Annual,Score,Switzerland,2020,85,,
ESTAT:SDG_16_50(1.0),25/04/25 23:00:00,Annual,Score,Switzerland,2021,84,,
ESTAT:SDG_16_50(1.0),25/04/25 23:00:00,Annual,Score,Switzerland,2022,82,,
ESTAT:SDG_16_50(1.0),25/04/25 23:00:00,Annual,Score,Switzerland,2023,82,,
ESTAT:SDG_16_50(1.0),25/04/25 23:00:00,Annual,Score,Switzerland,2024,81,,
ESTAT:SDG_16_50(1.0),25/04/25 23:00:00,Annual,Score,Cyprus,2012,66,,
ESTAT:SDG_16_50(1.0),25/04/25 23:00:00,Annual,Score,Cyprus,2013,63,,
ESTAT:SDG_16_50(1.0),25/04/25 23:00:00,Annual,Score,Cyprus,2014,63,,
ESTAT:SDG_16_50(1.0),25/04/25 23:00:00,Annual,Score,Cyprus,2015,61,,
ESTAT:SDG_16_50(1.0),25/04/25 23:00:00,Annual,Score,Cyprus,2016,55,,
ESTAT:SDG_16_50(1.0),25/04/25 23:00:00,Annual,Score,Cyprus,2017,57,,
ESTAT:SDG_16_50(1.0),25/04/25 23:00:00,Annual,Score,Cyprus,2018,59,,
ESTAT:SDG_16_50(1.0),25/04/25 23:00:00,Annual,Score,Cyprus,2019,58,,
ESTAT:SDG_16_50(1.0),25/04/25 23:00:00,Annual,Score,Cyprus,2020,57,,
ESTAT:SDG_16_50(1.0),25/04/25 23:00:00,Annual,Score,Cyprus,2021,53,,
ESTAT:SDG_16_50(1.0),25/04/25 23:00:00,Annual,Score,Cyprus,2022,52,,
ESTAT:SDG_16_50(1.0),25/04/25 23:00:00,Annual,Score,Cyprus,2023,53,,
ESTAT:SDG_16_50(1.0),25/04/25 23:00:00,Annual,Score,Cyprus,2024,56,,
ESTAT:SDG_16_50(1.0),25/04/25 23:00:00,Annual,Score,Czechia,2012,49,,
ESTAT:SDG_16_50(1.0),25/04/25 23:00:00,Annual,Score,Czechia,2013,48,,
ESTAT:SDG_16_50(1.0),25/04/25 23:00:00,Annual,Score,Czechia,2014,51,,
ESTAT:SDG_16_50(1.0),25/04/25 23:00:00,Annual,Score,Czechia,2015,56,,
ESTAT:SDG_16_50(1.0),25/04/25 23:00:00,Annual,Score,Czechia,2016,55,,
ESTAT:SDG_16_50(1.0),25/04/25 23:00:00,Annual,Score,Czechia,2017,57,,
ESTAT:SDG_16_50(1.0),25/04/25 23:00:00,Annual,Score,Czechia,2018,59,,
ESTAT:SDG_16_50(1.0),25/04/25 23:00:00,Annual,Score,Czechia,2019,56,,
ESTAT:SDG_16_50(1.0),25/04/25 23:00:00,Annual,Score,Czechia,2020,54,,
ESTAT:SDG_16_50(1.0),25/04/25 23:00:00,Annual,Score,Czechia,2021,54,,
ESTAT:SDG_16_50(1.0),25/04/25 23:00:00,Annual,Score,Czechia,2022,56,,
ESTAT:SDG_16_50(1.0),25/04/25 23:00:00,Annual,Score,Czechia,2023,57,,
ESTAT:SDG_16_50(1.0),25/04/25 23:00:00,Annual,Score,Czechia,2024,56,,
ESTAT:SDG_16_50(1.0),25/04/25 23:00:00,Annual,Score,Germany,2012,79,,
ESTAT:SDG_16_50(1.0),25/04/25 23:00:00,Annual,Score,Germany,2013,78,,
ESTAT:SDG_16_50(1.0),25/04/25 23:00:00,Annual,Score,Germany,2014,79,,
ESTAT:SDG_16_50(1.0),25/04/25 23:00:00,Annual,Score,Germany,2015,81,,
ESTAT:SDG_16_50(1.0),25/04/25 23:00:00,Annual,Score,Germany,2016,81,,
ESTAT:SDG_16_50(1.0),25/04/25 23:00:00,Annual,Score,Germany,2017,81,,
ESTAT:SDG_16_50(1.0),25/04/25 23:00:00,Annual,Score,Germany,2018,80,,
ESTAT:SDG_16_50(1.0),25/04/25 23:00:00,Annual,Score,Germany,2019,80,,
ESTAT:SDG_16_50(1.0),25/04/25 23:00:00,Annual,Score,Germany,2020,80,,
ESTAT:SDG_16_50(1.0),25/04/25 23:00:00,Annual,Score,Germany,2021,80,,
ESTAT:SDG_16_50(1.0),25/04/25 23:00:00,Annual,Score,Germany,2022,79,,
ESTAT:SDG_16_50(1.0),25/04/25 23:00:00,Annual,Score,Germany,2023,78,,
ESTAT:SDG_16_50(1.0),25/04/25 23:00:00,Annual,Score,Germany,2024,75,,
ESTAT:SDG_16_50(1.0),25/04/25 23:00:00,Annual,Score,Denmark,2012,90,,
ESTAT:SDG_16_50(1.0),25/04/25 23:00:00,Annual,Score,Denmark,2013,91,,
ESTAT:SDG_16_50(1.0),25/04/25 23:00:00,Annual,Score,Denmark,2014,92,,
ESTAT:SDG_16_50(1.0),25/04/25 23:00:00,Annual,Score,Denmark,2015,91,,
ESTAT:SDG_16_50(1.0),25/04/25 23:00:00,Annual,Score,Denmark,2016,90,,
ESTAT:SDG_16_50(1.0),25/04/25 23:00:00,Annual,Score,Denmark,2017,88,,
ESTAT:SDG_16_50(1.0),25/04/25 23:00:00,Annual,Score,Denmark,2018,88,,
ESTAT:SDG_16_50(1.0),25/04/25 23:00:00,Annual,Score,Denmark,2019,87,,
ESTAT:SDG_16_50(1.0),25/04/25 23:00:00,Annual,Score,Denmark,2020,88,,
ESTAT:SDG_16_50(1.0),25/04/25 23:00:00,Annual,Score,Denmark,2021,88,,
ESTAT:SDG_16_50(1.0),25/04/25 23:00:00,Annual,Score,Denmark,2022,90,,
ESTAT:SDG_16_50(1.0),25/04/25 23:00:00,Annual,Score,Denmark,2023,90,,
ESTAT:SDG_16_50(1.0),25/04/25 23:00:00,Annual,Score,Denmark,2024,90,,
ESTAT:SDG_16_50(1.0),25/04/25 23:00:00,Annual,Score,Euro area – 20 countries (from 2023),2012,63,,
ESTAT:SDG_16_50(1.0),25/04/25 23:00:00,Annual,Score,Euro area – 20 countries (from 2023),2013,64,,
ESTAT:SDG_16_50(1.0),25/04/25 23:00:00,Annual,Score,Euro area – 20 countries (from 2023),2014,64,,
ESTAT:SDG_16_50(1.0),25/04/25 23:00:00,Annual,Score,Euro area – 20 countries (from 2023),2015,66,,
ESTAT:SDG_16_50(1.0),25/04/25 23:00:00,Annual,Score,Euro area – 20 countries (from 2023),2016,65,,
ESTAT:SDG_16_50(1.0),25/04/25 23:00:00,Annual,Score,Euro area – 20 countries (from 2023),2017,65,,
ESTAT:SDG_16_50(1.0),25/04/25 23:00:00,Annual,Score,Euro area – 20 countries (from 2023),2018,65,,
ESTAT:SDG_16_50(1.0),25/04/25 23:00:00,Annual,Score,Euro area – 20 countries (from 2023),2019,65,,
ESTAT:SDG_16_50(1.0),25/04/25 23:00:00,Annual,Score,Euro area – 20 countries (from 2023),2020,65,,
ESTAT:SDG_16_50(1.0),25/04/25 23:00:00,Annual,Score,Euro area – 20 countries (from 2023),2021,65,,
ESTAT:SDG_16_50(1.0),25/04/25 23:00:00,Annual,Score,Euro area – 20 countries (from 2023),2022,65,,
ESTAT:SDG_16_50(1.0),25/04/25 23:00:00,Annual,Score,Euro area – 20 countries (from 2023),2023,65,,
ESTAT:SDG_16_50(1.0),25/04/25 23:00:00,Annual,Score,Euro area – 20 countries (from 2023),2024,64,,
ESTAT:SDG_16_50(1.0),25/04/25 23:00:00,Annual,Score,Estonia,2012,64,,
ESTAT:SDG_16_50(1.0),25/04/25 23:00:00,Annual,Score,Estonia,2013,68,,
ESTAT:SDG_16_50(1.0),25/04/25 23:00:00,Annual,Score,Estonia,2014,69,,
ESTAT:SDG_16_50(1.0),25/04/25 23:00:00,Annual,Score,Estonia,2015,70,,
ESTAT:SDG_16_50(1.0),25/04/25 23:00:00,Annual,Score,Estonia,2016,70,,
ESTAT:SDG_16_50(1.0),25/04/25 23:00:00,Annual,Score,Estonia,2017,71,,
ESTAT:SDG_16_50(1.0),25/04/25 23:00:00,Annual,Score,Estonia,2018,73,,
ESTAT:SDG_16_50(1.0),25/04/25 23:00:00,Annual,Score,Estonia,2019,74,,
ESTAT:SDG_16_50(1.0),25/04/25 23:00:00,Annual,Score,Estonia,2020,75,,
ESTAT:SDG_16_50(1.0),25/04/25 23:00:00,Annual,Score,Estonia,2021,74,,
ESTAT:SDG_16_50(1.0),25/04/25 23:00:00,Annual,Score,Estonia,2022,74,,
ESTAT:SDG_16_50(1.0),25/04/25 23:00:00,Annual,Score,Estonia,2023,76,,
ESTAT:SDG_16_50(1.0),25/04/25 23:00:00,Annual,Score,Estonia,2024,76,,
ESTAT:SDG_16_50(1.0),25/04/25 23:00:00,Annual,Score,Greece,2012,36,,
ESTAT:SDG_16_50(1.0),25/04/25 23:00:00,Annual,Score,Greece,2013,40,,
ESTAT:SDG_16_50(1.0),25/04/25 23:00:00,Annual,Score,Greece,2014,43,,
ESTAT:SDG_16_50(1.0),25/04/25 23:00:00,Annual,Score,Greece,2015,46,,
ESTAT:SDG_16_50(1.0),25/04/25 23:00:00,Annual,Score,Greece,2016,44,,
ESTAT:SDG_16_50(1.0),25/04/25 23:00:00,Annual,Score,Greece,2017,48,,
ESTAT:SDG_16_50(1.0),25/04/25 23:00:00,Annual,Score,Greece,2018,45,,
ESTAT:SDG_16_50(1.0),25/04/25 23:00:00,Annual,Score,Greece,2019,48,,
ESTAT:SDG_16_50(1.0),25/04/25 23:00:00,Annual,Score,Greece,2020,50,,
ESTAT:SDG_16_50(1.0),25/04/25 23:00:00,Annual,Score,Greece,2021,49,,
ESTAT:SDG_16_50(1.0),25/04/25 23:00:00,Annual,Score,Greece,2022,52,,
ESTAT:SDG_16_50(1.0),25/04/25 23:00:00,Annual,Score,Greece,2023,49,,
ESTAT:SDG_16_50(1.0),25/04/25 23:00:00,Annual,Score,Greece,2024,49,,
ESTAT:SDG_16_50(1.0),25/04/25 23:00:00,Annual,Score,Spain,2012,65,,
ESTAT:SDG_16_50(1.0),25/04/25 23:00:00,Annual,Score,Spain,2013,59,,
ESTAT:SDG_16_50(1.0),25/04/25 23:00:00,Annual,Score,Spain,2014,60,,
ESTAT:SDG_16_50(1.0),25/04/25 23:00:00,Annual,Score,Spain,2015,58,,
ESTAT:SDG_16_50(1.0),25/04/25 23:00:00,Annual,Score,Spain,2016,58,,
ESTAT:SDG_16_50(1.0),25/04/25 23:00:00,Annual,Score,Spain,2017,57,,
ESTAT:SDG_16_50(1.0),25/04/25 23:00:00,Annual,Score,Spain,2018,58,,
ESTAT:SDG_16_50(1.0),25/04/25 23:00:00,Annual,Score,Spain,2019,62,,
ESTAT:SDG_16_50(1.0),25/04/25 23:00:00,Annual,Score,Spain,2020,62,,
ESTAT:SDG_16_50(1.0),25/04/25 23:00:00,Annual,Score,Spain,2021,61,,
ESTAT:SDG_16_50(1.0),25/04/25 23:00:00,Annual,Score,Spain,2022,60,,
ESTAT:SDG_16_50(1.0),25/04/25 23:00:00,Annual,Score,Spain,2023,60,,
ESTAT:SDG_16_50(1.0),25/04/25 23:00:00,Annual,Score,Spain,2024,56,,
ESTAT:SDG_16_50(1.0),25/04/25 23:00:00,Annual,Score,European Union - 27 countries (from 2020),2012,63,,
ESTAT:SDG_16_50(1.0),25/04/25 23:00:00,Annual,Score,European Union - 27 countries (from 2020),2013,63,,
ESTAT:SDG_16_50(1.0),25/04/25 23:00:00,Annual,Score,European Union - 27 countries (from 2020),2014,64,,
ESTAT:SDG_16_50(1.0),25/04/25 23:00:00,Annual,Score,European Union - 27 countries (from 2020),2015,65,,
ESTAT:SDG_16_50(1.0),25/04/25 23:00:00,Annual,Score,European Union - 27 countries (from 2020),2016,64,,
ESTAT:SDG_16_50(1.0),25/04/25 23:00:00,Annual,Score,European Union - 27 countries (from 2020),2017,64,,
ESTAT:SDG_16_50(1.0),25/04/25 23:00:00,Annual,Score,European Union - 27 countries (from 2020),2018,64,,
ESTAT:SDG_16_50(1.0),25/04/25 23:00:00,Annual,Score,European Union - 27 countries (from 2020),2019,64,,
ESTAT:SDG_16_50(1.0),25/04/25 23:00:00,Annual,Score,European Union - 27 countries (from 2020),2020,64,,
ESTAT:SDG_16_50(1.0),25/04/25 23:00:00,Annual,Score,European Union - 27 countries (from 2020),2021,64,,
ESTAT:SDG_16_50(1.0),25/04/25 23:00:00,Annual,Score,European Union - 27 countries (from 2020),2022,64,,
ESTAT:SDG_16_50(1.0),25/04/25 23:00:00,Annual,Score,European Union - 27 countries (from 2020),2023,64,,
ESTAT:SDG_16_50(1.0),25/04/25 23:00:00,Annual,Score,European Union - 27 countries (from 2020),2024,62,,
ESTAT:SDG_16_50(1.0),25/04/25 23:00:00,Annual,Score,Finland,2012,90,,
ESTAT:SDG_16_50(1.0),25/04/25 23:00:00,Annual,Score,Finland,2013,89,,
ESTAT:SDG_16_50(1.0),25/04/25 23:00:00,Annual,Score,Finland,2014,89,,
ESTAT:SDG_16_50(1.0),25/04/25 23:00:00,Annual,Score,Finland,2015,90,,
ESTAT:SDG_16_50(1.0),25/04/25 23:00:00,Annual,Score,Finland,2016,89,,
ESTAT:SDG_16_50(1.0),25/04/25 23:00:00,Annual,Score,Finland,2017,85,,
ESTAT:SDG_16_50(1.0),25/04/25 23:00:00,Annual,Score,Finland,2018,85,,
ESTAT:SDG_16_50(1.0),25/04/25 23:00:00,Annual,Score,Finland,2019,86,,
ESTAT:SDG_16_50(1.0),25/04/25 23:00:00,Annual,Score,Finland,2020,85,,
ESTAT:SDG_16_50(1.0),25/04/25 23:00:00,Annual,Score,Finland,2021,88,,
ESTAT:SDG_16_50(1.0),25/04/25 23:00:00,Annual,Score,Finland,2022,87,,
ESTAT:SDG_16_50(1.0),25/04/25 23:00:00,Annual,Score,Finland,2023,87,,
ESTAT:SDG_16_50(1.0),25/04/25 23:00:00,Annual,Score,Finland,2024,88,,
ESTAT:SDG_16_50(1.0),25/04/25 23:00:00,Annual,Score,France,2012,71,,
ESTAT:SDG_16_50(1.0),25/04/25 23:00:00,Annual,Score,France,2013,71,,
ESTAT:SDG_16_50(1.0),25/04/25 23:00:00,Annual,Score,France,2014,69,,
ESTAT:SDG_16_50(1.0),25/04/25 23:00:00,Annual,Score,France,2015,70,,
ESTAT:SDG_16_50(1.0),25/04/25 23:00:00,Annual,Score,France,2016,69,,
ESTAT:SDG_16_50(1.0),25/04/25 23:00:00,Annual,Score,France,2017,70,,
ESTAT:SDG_16_50(1.0),25/04/25 23:00:00,Annual,Score,France,2018,72,,
ESTAT:SDG_16_50(1.0),25/04/25 23:00:00,Annual,Score,France,2019,69,,
ESTAT:SDG_16_50(1.0),25/04/25 23:00:00,Annual,Score,France,2020,69,,
ESTAT:SDG_16_50(1.0),25/04/25 23:00:00,Annual,Score,France,2021,71,,
ESTAT:SDG_16_50(1.0),25/04/25 23:00:00,Annual,Score,France,2022,72,,
ESTAT:SDG_16_50(1.0),25/04/25 23:00:00,Annual,Score,France,2023,71,,
ESTAT:SDG_16_50(1.0),25/04/25 23:00:00,Annual,Score,France,2024,67,,
ESTAT:SDG_16_50(1.0),25/04/25 23:00:00,Annual,Score,Croatia,2012,46,,
ESTAT:SDG_16_50(1.0),25/04/25 23:00:00,Annual,Score,Croatia,2013,48,,
ESTAT:SDG_16_50(1.0),25/04/25 23:00:00,Annual,Score,Croatia,2014,48,,
ESTAT:SDG_16_50(1.0),25/04/25 23:00:00,Annual,Score,Croatia,2015,51,,
ESTAT:SDG_16_50(1.0),25/04/25 23:00:00,Annual,Score,Croatia,2016,49,,
ESTAT:SDG_16_50(1.0),25/04/25 23:00:00,Annual,Score,Croatia,2017,49,,
ESTAT:SDG_16_50(1.0),25/04/25 23:00:00,Annual,Score,Croatia,2018,48,,
ESTAT:SDG_16_50(1.0),25/04/25 23:00:00,Annual,Score,Croatia,2019,47,,
ESTAT:SDG_16_50(1.0),25/04/25 23:00:00,Annual,Score,Croatia,2020,47,,
ESTAT:SDG_16_50(1.0),25/04/25 23:00:00,Annual,Score,Croatia,2021,47,,
ESTAT:SDG_16_50(1.0),25/04/25 23:00:00,Annual,Score,Croatia,2022,50,,
ESTAT:SDG_16_50(1.0),25/04/25 23:00:00,Annual,Score,Croatia,2023,50,,
ESTAT:SDG_16_50(1.0),25/04/25 23:00:00,Annual,Score,Croatia,2024,47,,
ESTAT:SDG_16_50(1.0),25/04/25 23:00:00,Annual,Score,Hungary,2012,55,,
ESTAT:SDG_16_50(1.0),25/04/25 23:00:00,Annual,Score,Hungary,2013,54,,
ESTAT:SDG_16_50(1.0),25/04/25 23:00:00,Annual,Score,Hungary,2014,54,,
ESTAT:SDG_16_50(1.0),25/04/25 23:00:00,Annual,Score,Hungary,2015,51,,
ESTAT:SDG_16_50(1.0),25/04/25 23:00:00,Annual,Score,Hungary,2016,48,,
ESTAT:SDG_16_50(1.0),25/04/25 23:00:00,Annual,Score,Hungary,2017,45,,
ESTAT:SDG_16_50(1.0),25/04/25 23:00:00,Annual,Score,Hungary,2018,46,,
ESTAT:SDG_16_50(1.0),25/04/25 23:00:00,Annual,Score,Hungary,2019,44,,
ESTAT:SDG_16_50(1.0),25/04/25 23:00:00,Annual,Score,Hungary,2020,44,,
ESTAT:SDG_16_50(1.0),25/04/25 23:00:00,Annual,Score,Hungary,2021,43,,
ESTAT:SDG_16_50(1.0),25/04/25 23:00:00,Annual,Score,Hungary,2022,42,,
ESTAT:SDG_16_50(1.0),25/04/25 23:00:00,Annual,Score,Hungary,2023,42,,
ESTAT:SDG_16_50(1.0),25/04/25 23:00:00,Annual,Score,Hungary,2024,41,,
ESTAT:SDG_16_50(1.0),25/04/25 23:00:00,Annual,Score,Ireland,2012,69,,
ESTAT:SDG_16_50(1.0),25/04/25 23:00:00,Annual,Score,Ireland,2013,72,,
ESTAT:SDG_16_50(1.0),25/04/25 23:00:00,Annual,Score,Ireland,2014,74,,
ESTAT:SDG_16_50(1.0),25/04/25 23:00:00,Annual,Score,Ireland,2015,75,,
ESTAT:SDG_16_50(1.0),25/04/25 23:00:00,Annual,Score,Ireland,2016,73,,
ESTAT:SDG_16_50(1.0),25/04/25 23:00:00,Annual,Score,Ireland,2017,74,,
ESTAT:SDG_16_50(1.0),25/04/25 23:00:00,Annual,Score,Ireland,2018,73,,
ESTAT:SDG_16_50(1.0),25/04/25 23:00:00,Annual,Score,Ireland,2019,74,,
ESTAT:SDG_16_50(1.0),25/04/25 23:00:00,Annual,Score,Ireland,2020,72,,
ESTAT:SDG_16_50(1.0),25/04/25 23:00:00,Annual,Score,Ireland,2021,74,,
ESTAT:SDG_16_50(1.0),25/04/25 23:00:00,Annual,Score,Ireland,2022,77,,
ESTAT:SDG_16_50(1.0),25/04/25 23:00:00,Annual,Score,Ireland,2023,77,,
ESTAT:SDG_16_50(1.0),25/04/25 23:00:00,Annual,Score,Ireland,2024,77,,
ESTAT:SDG_16_50(1.0),25/04/25 23:00:00,Annual,Score,Iceland,2012,82,,
ESTAT:SDG_16_50(1.0),25/04/25 23:00:00,Annual,Score,Iceland,2013,78,,
ESTAT:SDG_16_50(1.0),25/04/25 23:00:00,Annual,Score,Iceland,2014,79,,
ESTAT:SDG_16_50(1.0),25/04/25 23:00:00,Annual,Score,Iceland,2015,79,,
ESTAT:SDG_16_50(1.0),25/04/25 23:00:00,Annual,Score,Iceland,2016,78,,
ESTAT:SDG_16_50(1.0),25/04/25 23:00:00,Annual,Score,Iceland,2017,77,,
ESTAT:SDG_16_50(1.0),25/04/25 23:00:00,Annual,Score,Iceland,2018,76,,
ESTAT:SDG_16_50(1.0),25/04/25 23:00:00,Annual,Score,Iceland,2019,78,,
ESTAT:SDG_16_50(1.0),25/04/25 23:00:00,Annual,Score,Iceland,2020,75,,
ESTAT:SDG_16_50(1.0),25/04/25 23:00:00,Annual,Score,Iceland,2021,74,,
ESTAT:SDG_16_50(1.0),25/04/25 23:00:00,Annual,Score,Iceland,2022,74,,
ESTAT:SDG_16_50(1.0),25/04/25 23:00:00,Annual,Score,Iceland,2023,72,,
ESTAT:SDG_16_50(1.0),25/04/25 23:00:00,Annual,Score,Iceland,2024,77,,
ESTAT:SDG_16_50(1.0),25/04/25 23:00:00,Annual,Score,Italy,2012,42,,
ESTAT:SDG_16_50(1.0),25/04/25 23:00:00,Annual,Score,Italy,2013,43,,
ESTAT:SDG_16_50(1.0),25/04/25 23:00:00,Annual,Score,Italy,2014,43,,
ESTAT:SDG_16_50(1.0),25/04/25 23:00:00,Annual,Score,Italy,2015,44,,
ESTAT:SDG_16_50(1.0),25/04/25 23:00:00,Annual,Score,Italy,2016,47,,
ESTAT:SDG_16_50(1.0),25/04/25 23:00:00,Annual,Score,Italy,2017,50,,
ESTAT:SDG_16_50(1.0),25/04/25 23:00:00,Annual,Score,Italy,2018,52,,
ESTAT:SDG_16_50(1.0),25/04/25 23:00:00,Annual,Score,Italy,2019,53,,
ESTAT:SDG_16_50(1.0),25/04/25 23:00:00,Annual,Score,Italy,2020,53,,
ESTAT:SDG_16_50(1.0),25/04/25 23:00:00,Annual,Score,Italy,2021,56,,
ESTAT:SDG_16_50(1.0),25/04/25 23:00:00,Annual,Score,Italy,2022,56,,
ESTAT:SDG_16_50(1.0),25/04/25 23:00:00,Annual,Score,Italy,2023,56,,
ESTAT:SDG_16_50(1.0),25/04/25 23:00:00,Annual,Score,Italy,2024,54,,
ESTAT:SDG_16_50(1.0),25/04/25 23:00:00,Annual,Score,Japan,2012,74,,
ESTAT:SDG_16_50(1.0),25/04/25 23:00:00,Annual,Score,Japan,2013,74,,
ESTAT:SDG_16_50(1.0),25/04/25 23:00:00,Annual,Score,Japan,2014,76,,
ESTAT:SDG_16_50(1.0),25/04/25 23:00:00,Annual,Score,Japan,2015,75,,
ESTAT:SDG_16_50(1.0),25/04/25 23:00:00,Annual,Score,Japan,2016,72,,
ESTAT:SDG_16_50(1.0),25/04/25 23:00:00,Annual,Score,Japan,2017,73,,
ESTAT:SDG_16_50(1.0),25/04/25 23:00:00,Annual,Score,Japan,2018,73,,
ESTAT:SDG_16_50(1.0),25/04/25 23:00:00,Annual,Score,Japan,2019,73,,
ESTAT:SDG_16_50(1.0),25/04/25 23:00:00,Annual,Score,Japan,2020,74,,
ESTAT:SDG_16_50(1.0),25/04/25 23:00:00,Annual,Score,Japan,2021,73,,
ESTAT:SDG_16_50(1.0),25/04/25 23:00:00,Annual,Score,Japan,2022,73,,
ESTAT:SDG_16_50(1.0),25/04/25 23:00:00,Annual,Score,Japan,2023,73,,
ESTAT:SDG_16_50(1.0),25/04/25 23:00:00,Annual,Score,Japan,2024,71,,
ESTAT:SDG_16_50(1.0),25/04/25 23:00:00,Annual,Score,South Korea,2012,56,,
ESTAT:SDG_16_50(1.0),25/04/25 23:00:00,Annual,Score,South Korea,2013,55,,
ESTAT:SDG_16_50(1.0),25/04/25 23:00:00,Annual,Score,South Korea,2014,55,,
ESTAT:SDG_16_50(1.0),25/04/25 23:00:00,Annual,Score,South Korea,2015,54,,
ESTAT:SDG_16_50(1.0),25/04/25 23:00:00,Annual,Score,South Korea,2016,53,,
ESTAT:SDG_16_50(1.0),25/04/25 23:00:00,Annual,Score,South Korea,2017,54,,
ESTAT:SDG_16_50(1.0),25/04/25 23:00:00,Annual,Score,South Korea,2018,57,,
ESTAT:SDG_16_50(1.0),25/04/25 23:00:00,Annual,Score,South Korea,2019,59,,
ESTAT:SDG_16_50(1.0),25/04/25 23:00:00,Annual,Score,South Korea,2020,61,,
ESTAT:SDG_16_50(1.0),25/04/25 23:00:00,Annual,Score,South Korea,2021,62,,
ESTAT:SDG_16_50(1.0),25/04/25 23:00:00,Annual,Score,South Korea,2022,63,,
ESTAT:SDG_16_50(1.0),25/04/25 23:00:00,Annual,Score,South Korea,2023,63,,
ESTAT:SDG_16_50(1.0),25/04/25 23:00:00,Annual,Score,South Korea,2024,64,,
ESTAT:SDG_16_50(1.0),25/04/25 23:00:00,Annual,Score,Lithuania,2012,54,,
ESTAT:SDG_16_50(1.0),25/04/25 23:00:00,Annual,Score,Lithuania,2013,57,,
ESTAT:SDG_16_50(1.0),25/04/25 23:00:00,Annual,Score,Lithuania,2014,58,,
ESTAT:SDG_16_50(1.0),25/04/25 23:00:00,Annual,Score,Lithuania,2015,59,,
ESTAT:SDG_16_50(1.0),25/04/25 23:00:00,Annual,Score,Lithuania,2016,59,,
ESTAT:SDG_16_50(1.0),25/04/25 23:00:00,Annual,Score,Lithuania,2017,59,,
ESTAT:SDG_16_50(1.0),25/04/25 23:00:00,Annual,Score,Lithuania,2018,59,,
ESTAT:SDG_16_50(1.0),25/04/25 23:00:00,Annual,Score,Lithuania,2019,60,,
ESTAT:SDG_16_50(1.0),25/04/25 23:00:00,Annual,Score,Lithuania,2020,60,,
ESTAT:SDG_16_50(1.0),25/04/25 23:00:00,Annual,Score,Lithuania,2021,61,,
ESTAT:SDG_16_50(1.0),25/04/25 23:00:00,Annual,Score,Lithuania,2022,62,,
ESTAT:SDG_16_50(1.0),25/04/25 23:00:00,Annual,Score,Lithuania,2023,61,,
ESTAT:SDG_16_50(1.0),25/04/25 23:00:00,Annual,Score,Lithuania,2024,63,,
ESTAT:SDG_16_50(1.0),25/04/25 23:00:00,Annual,Score,Luxembourg,2012,80,,
ESTAT:SDG_16_50(1.0),25/04/25 23:00:00,Annual,Score,Luxembourg,2013,80,,
ESTAT:SDG_16_50(1.0),25/04/25 23:00:00,Annual,Score,Luxembourg,2014,82,,
ESTAT:SDG_16_50(1.0),25/04/25 23:00:00,Annual,Score,Luxembourg,2015,85,,
ESTAT:SDG_16_50(1.0),25/04/25 23:00:00,Annual,Score,Luxembourg,2016,81,,
ESTAT:SDG_16_50(1.0),25/04/25 23:00:00,Annual,Score,Luxembourg,2017,82,,
ESTAT:SDG_16_50(1.0),25/04/25 23:00:00,Annual,Score,Luxembourg,2018,81,,
ESTAT:SDG_16_50(1.0),25/04/25 23:00:00,Annual,Score,Luxembourg,2019,80,,
ESTAT:SDG_16_50(1.0),25/04/25 23:00:00,Annual,Score,Luxembourg,2020,80,,
ESTAT:SDG_16_50(1.0),25/04/25 23:00:00,Annual,Score,Luxembourg,2021,81,,
ESTAT:SDG_16_50(1.0),25/04/25 23:00:00,Annual,Score,Luxembourg,2022,77,,
ESTAT:SDG_16_50(1.0),25/04/25 23:00:00,Annual,Score,Luxembourg,2023,78,,
ESTAT:SDG_16_50(1.0),25/04/25 23:00:00,Annual,Score,Luxembourg,2024,81,,
ESTAT:SDG_16_50(1.0),25/04/25 23:00:00,Annual,Score,Latvia,2012,49,,
ESTAT:SDG_16_50(1.0),25/04/25 23:00:00,Annual,Score,Latvia,2013,53,,
ESTAT:SDG_16_50(1.0),25/04/25 23:00:00,Annual,Score,Latvia,2014,55,,
ESTAT:SDG_16_50(1.0),25/04/25 23:00:00,Annual,Score,Latvia,2015,56,,
ESTAT:SDG_16_50(1.0),25/04/25 23:00:00,Annual,Score,Latvia,2016,57,,
ESTAT:SDG_16_50(1.0),25/04/25 23:00:00,Annual,Score,Latvia,2017,58,,
ESTAT:SDG_16_50(1.0),25/04/25 23:00:00,Annual,Score,Latvia,2018,58,,
ESTAT:SDG_16_50(1.0),25/04/25 23:00:00,Annual,Score,Latvia,2019,56,,
ESTAT:SDG_16_50(1.0),25/04/25 23:00:00,Annual,Score,Latvia,2020,57,,
ESTAT:SDG_16_50(1.0),25/04/25 23:00:00,Annual,Score,Latvia,2021,59,,
ESTAT:SDG_16_50(1.0),25/04/25 23:00:00,Annual,Score,Latvia,2022,59,,
ESTAT:SDG_16_50(1.0),25/04/25 23:00:00,Annual,Score,Latvia,2023,60,,
ESTAT:SDG_16_50(1.0),25/04/25 23:00:00,Annual,Score,Latvia,2024,59,,
ESTAT:SDG_16_50(1.0),25/04/25 23:00:00,Annual,Score,Montenegro,2012,41,,
ESTAT:SDG_16_50(1.0),25/04/25 23:00:00,Annual,Score,Montenegro,2013,44,,
ESTAT:SDG_16_50(1.0),25/04/25 23:00:00,Annual,Score,Montenegro,2014,42,,
ESTAT:SDG_16_50(1.0),25/04/25 23:00:00,Annual,Score,Montenegro,2015,44,,
ESTAT:SDG_16_50(1.0),25/04/25 23:00:00,Annual,Score,Montenegro,2016,45,,
ESTAT:SDG_16_50(1.0),25/04/25 23:00:00,Annual,Score,Montenegro,2017,46,,
ESTAT:SDG_16_50(1.0),25/04/25 23:00:00,Annual,Score,Montenegro,2018,45,,
ESTAT:SDG_16_50(1.0),25/04/25 23:00:00,Annual,Score,Montenegro,2019,45,,
ESTAT:SDG_16_50(1.0),25/04/25 23:00:00,Annual,Score,Montenegro,2020,45,,
ESTAT:SDG_16_50(1.0),25/04/25 23:00:00,Annual,Score,Montenegro,2021,46,,
ESTAT:SDG_16_50(1.0),25/04/25 23:00:00,Annual,Score,Montenegro,2022,45,,
ESTAT:SDG_16_50(1.0),25/04/25 23:00:00,Annual,Score,Montenegro,2023,46,,
ESTAT:SDG_16_50(1.0),25/04/25 23:00:00,Annual,Score,Montenegro,2024,46,,
ESTAT:SDG_16_50(1.0),25/04/25 23:00:00,Annual,Score,North Macedonia,2012,43,,
ESTAT:SDG_16_50(1.0),25/04/25 23:00:00,Annual,Score,North Macedonia,2013,44,,
ESTAT:SDG_16_50(1.0),25/04/25 23:00:00,Annual,Score,North Macedonia,2014,45,,
ESTAT:SDG_16_50(1.0),25/04/25 23:00:00,Annual,Score,North Macedonia,2015,42,,
ESTAT:SDG_16_50(1.0),25/04/25 23:00:00,Annual,Score,North Macedonia,2016,37,,
ESTAT:SDG_16_50(1.0),25/04/25 23:00:00,Annual,Score,North Macedonia,2017,35,,
ESTAT:SDG_16_50(1.0),25/04/25 23:00:00,Annual,Score,North Macedonia,2018,37,,
ESTAT:SDG_16_50(1.0),25/04/25 23:00:00,Annual,Score,North Macedonia,2019,35,,
ESTAT:SDG_16_50(1.0),25/04/25 23:00:00,Annual,Score,North Macedonia,2020,35,,
ESTAT:SDG_16_50(1.0),25/04/25 23:00:00,Annual,Score,North Macedonia,2021,39,,
ESTAT:SDG_16_50(1.0),25/04/25 23:00:00,Annual,Score,North Macedonia,2022,40,,
ESTAT:SDG_16_50(1.0),25/04/25 23:00:00,Annual,Score,North Macedonia,2023,42,,
ESTAT:SDG_16_50(1.0),25/04/25 23:00:00,Annual,Score,North Macedonia,2024,40,,
ESTAT:SDG_16_50(1.0),25/04/25 23:00:00,Annual,Score,Malta,2012,57,,
ESTAT:SDG_16_50(1.0),25/04/25 23:00:00,Annual,Score,Malta,2013,56,,
ESTAT:SDG_16_50(1.0),25/04/25 23:00:00,Annual,Score,Malta,2014,55,,
ESTAT:SDG_16_50(1.0),25/04/25 23:00:00,Annual,Score,Malta,2015,60,,
ESTAT:SDG_16_50(1.0),25/04/25 23:00:00,Annual,Score,Malta,2016,55,,
ESTAT:SDG_16_50(1.0),25/04/25 23:00:00,Annual,Score,Malta,2017,56,,
ESTAT:SDG_16_50(1.0),25/04/25 23:00:00,Annual,Score,Malta,2018,54,,
ESTAT:SDG_16_50(1.0),25/04/25 23:00:00,Annual,Score,Malta,2019,54,,
ESTAT:SDG_16_50(1.0),25/04/25 23:00:00,Annual,Score,Malta,2020,53,,
ESTAT:SDG_16_50(1.0),25/04/25 23:00:00,Annual,Score,Malta,2021,54,,
ESTAT:SDG_16_50(1.0),25/04/25 23:00:00,Annual,Score,Malta,2022,51,,
ESTAT:SDG_16_50(1.0),25/04/25 23:00:00,Annual,Score,Malta,2023,51,,
ESTAT:SDG_16_50(1.0),25/04/25 23:00:00,Annual,Score,Malta,2024,46,,
ESTAT:SDG_16_50(1.0),25/04/25 23:00:00,Annual,Score,Netherlands,2012,84,,
ESTAT:SDG_16_50(1.0),25/04/25 23:00:00,Annual,Score,Netherlands,2013,83,,
ESTAT:SDG_16_50(1.0),25/04/25 23:00:00,Annual,Score,Netherlands,2014,83,,
ESTAT:SDG_16_50(1.0),25/04/25 23:00:00,Annual,Score,Netherlands,2015,84,,
ESTAT:SDG_16_50(1.0),25/04/25 23:00:00,Annual,Score,Netherlands,2016,83,,
ESTAT:SDG_16_50(1.0),25/04/25 23:00:00,Annual,Score,Netherlands,2017,82,,
ESTAT:SDG_16_50(1.0),25/04/25 23:00:00,Annual,Score,Netherlands,2018,82,,
ESTAT:SDG_16_50(1.0),25/04/25 23:00:00,Annual,Score,Netherlands,2019,82,,
ESTAT:SDG_16_50(1.0),25/04/25 23:00:00,Annual,Score,Netherlands,2020,82,,
ESTAT:SDG_16_50(1.0),25/04/25 23:00:00,Annual,Score,Netherlands,2021,82,,
ESTAT:SDG_16_50(1.0),25/04/25 23:00:00,Annual,Score,Netherlands,2022,80,,
ESTAT:SDG_16_50(1.0),25/04/25 23:00:00,Annual,Score,Netherlands,2023,79,,
ESTAT:SDG_16_50(1.0),25/04/25 23:00:00,Annual,Score,Netherlands,2024,78,,
ESTAT:SDG_16_50(1.0),25/04/25 23:00:00,Annual,Score,Norway,2012,85,,
ESTAT:SDG_16_50(1.0),25/04/25 23:00:00,Annual,Score,Norway,2013,86,,
ESTAT:SDG_16_50(1.0),25/04/25 23:00:00,Annual,Score,Norway,2014,86,,
ESTAT:SDG_16_50(1.0),25/04/25 23:00:00,Annual,Score,Norway,2015,88,,
ESTAT:SDG_16_50(1.0),25/04/25 23:00:00,Annual,Score,Norway,2016,85,,
ESTAT:SDG_16_50(1.0),25/04/25 23:00:00,Annual,Score,Norway,2017,85,,
ESTAT:SDG_16_50(1.0),25/04/25 23:00:00,Annual,Score,Norway,2018,84,,
ESTAT:SDG_16_50(1.0),25/04/25 23:00:00,Annual,Score,Norway,2019,84,,
ESTAT:SDG_16_50(1.0),25/04/25 23:00:00,Annual,Score,Norway,2020,84,,
ESTAT:SDG_16_50(1.0),25/04/25 23:00:00,Annual,Score,Norway,2021,85,,
ESTAT:SDG_16_50(1.0),25/04/25 23:00:00,Annual,Score,Norway,2022,84,,
ESTAT:SDG_16_50(1.0),25/04/25 23:00:00,Annual,Score,Norway,2023,84,,
ESTAT:SDG_16_50(1.0),25/04/25 23:00:00,Annual,Score,Norway,2024,81,,
ESTAT:SDG_16_50(1.0),25/04/25 23:00:00,Annual,Score,Poland,2012,58,,
ESTAT:SDG_16_50(1.0),25/04/25 23:00:00,Annual,Score,Poland,2013,60,,
ESTAT:SDG_16_50(1.0),25/04/25 23:00:00,Annual,Score,Poland,2014,61,,
ESTAT:SDG_16_50(1.0),25/04/25 23:00:00,Annual,Score,Poland,2015,63,,
ESTAT:SDG_16_50(1.0),25/04/25 23:00:00,Annual,Score,Poland,2016,62,,
ESTAT:SDG_16_50(1.0),25/04/25 23:00:00,Annual,Score,Poland,2017,60,,
ESTAT:SDG_16_50(1.0),25/04/25 23:00:00,Annual,Score,Poland,2018,60,,
ESTAT:SDG_16_50(1.0),25/04/25 23:00:00,Annual,Score,Poland,2019,58,,
ESTAT:SDG_16_50(1.0),25/04/25 23:00:00,Annual,Score,Poland,2020,56,,
ESTAT:SDG_16_50(1.0),25/04/25 23:00:00,Annual,Score,Poland,2021,56,,
ESTAT:SDG_16_50(1.0),25/04/25 23:00:00,Annual,Score,Poland,2022,55,,
ESTAT:SDG_16_50(1.0),25/04/25 23:00:00,Annual,Score,Poland,2023,54,,
ESTAT:SDG_16_50(1.0),25/04/25 23:00:00,Annual,Score,Poland,2024,53,,
ESTAT:SDG_16_50(1.0),25/04/25 23:00:00,Annual,Score,Portugal,2012,63,,
ESTAT:SDG_16_50(1.0),25/04/25 23:00:00,Annual,Score,Portugal,2013,62,,
ESTAT:SDG_16_50(1.0),25/04/25 23:00:00,Annual,Score,Portugal,2014,63,,
ESTAT:SDG_16_50(1.0),25/04/25 23:00:00,Annual,Score,Portugal,2015,64,,
ESTAT:SDG_16_50(1.0),25/04/25 23:00:00,Annual,Score,Portugal,2016,62,,
ESTAT:SDG_16_50(1.0),25/04/25 23:00:00,Annual,Score,Portugal,2017,63,,
ESTAT:SDG_16_50(1.0),25/04/25 23:00:00,Annual,Score,Portugal,2018,64,,
ESTAT:SDG_16_50(1.0),25/04/25 23:00:00,Annual,Score,Portugal,2019,62,,
ESTAT:SDG_16_50(1.0),25/04/25 23:00:00,Annual,Score,Portugal,2020,61,,
ESTAT:SDG_16_50(1.0),25/04/25 23:00:00,Annual,Score,Portugal,2021,62,,
ESTAT:SDG_16_50(1.0),25/04/25 23:00:00,Annual,Score,Portugal,2022,62,,
ESTAT:SDG_16_50(1.0),25/04/25 23:00:00,Annual,Score,Portugal,2023,61,,
ESTAT:SDG_16_50(1.0),25/04/25 23:00:00,Annual,Score,Portugal,2024,57,,
ESTAT:SDG_16_50(1.0),25/04/25 23:00:00,Annual,Score,Romania,2012,44,,
ESTAT:SDG_16_50(1.0),25/04/25 23:00:00,Annual,Score,Romania,2013,43,,
ESTAT:SDG_16_50(1.0),25/04/25 23:00:00,Annual,Score,Romania,2014,43,,
ESTAT:SDG_16_50(1.0),25/04/25 23:00:00,Annual,Score,Romania,2015,46,,
ESTAT:SDG_16_50(1.0),25/04/25 23:00:00,Annual,Score,Romania,2016,48,,
ESTAT:SDG_16_50(1.0),25/04/25 23:00:00,Annual,Score,Romania,2017,48,,
ESTAT:SDG_16_50(1.0),25/04/25 23:00:00,Annual,Score,Romania,2018,47,,
ESTAT:SDG_16_50(1.0),25/04/25 23:00:00,Annual,Score,Romania,2019,44,,
ESTAT:SDG_16_50(1.0),25/04/25 23:00:00,Annual,Score,Romania,2020,44,,
ESTAT:SDG_16_50(1.0),25/04/25 23:00:00,Annual,Score,Romania,2021,45,,
ESTAT:SDG_16_50(1.0),25/04/25 23:00:00,Annual,Score,Romania,2022,46,,
ESTAT:SDG_16_50(1.0),25/04/25 23:00:00,Annual,Score,Romania,2023,46,,
ESTAT:SDG_16_50(1.0),25/04/25 23:00:00,Annual,Score,Romania,2024,46,,
ESTAT:SDG_16_50(1.0),25/04/25 23:00:00,Annual,Score,Serbia,2012,39,,
ESTAT:SDG_16_50(1.0),25/04/25 23:00:00,Annual,Score,Serbia,2013,42,,
ESTAT:SDG_16_50(1.0),25/04/25 23:00:00,Annual,Score,Serbia,2014,41,,
ESTAT:SDG_16_50(1.0),25/04/25 23:00:00,Annual,Score,Serbia,2015,40,,
ESTAT:SDG_16_50(1.0),25/04/25 23:00:00,Annual,Score,Serbia,2016,42,,
ESTAT:SDG_16_50(1.0),25/04/25 23:00:00,Annual,Score,Serbia,2017,41,,
ESTAT:SDG_16_50(1.0),25/04/25 23:00:00,Annual,Score,Serbia,2018,39,,
ESTAT:SDG_16_50(1.0),25/04/25 23:00:00,Annual,Score,Serbia,2019,39,,
ESTAT:SDG_16_50(1.0),25/04/25 23:00:00,Annual,Score,Serbia,2020,38,,
ESTAT:SDG_16_50(1.0),25/04/25 23:00:00,Annual,Score,Serbia,2021,38,,
ESTAT:SDG_16_50(1.0),25/04/25 23:00:00,Annual,Score,Serbia,2022,36,,
ESTAT:SDG_16_50(1.0),25/04/25 23:00:00,Annual,Score,Serbia,2023,36,,
ESTAT:SDG_16_50(1.0),25/04/25 23:00:00,Annual,Score,Serbia,2024,35,,
ESTAT:SDG_16_50(1.0),25/04/25 23:00:00,Annual,Score,Russia,2012,28,,
ESTAT:SDG_16_50(1.0),25/04/25 23:00:00,Annual,Score,Russia,2013,28,,
ESTAT:SDG_16_50(1.0),25/04/25 23:00:00,Annual,Score,Russia,2014,27,,
ESTAT:SDG_16_50(1.0),25/04/25 23:00:00,Annual,Score,Russia,2015,29,,
ESTAT:SDG_16_50(1.0),25/04/25 23:00:00,Annual,Score,Russia,2016,29,,
ESTAT:SDG_16_50(1.0),25/04/25 23:00:00,Annual,Score,Russia,2017,29,,
ESTAT:SDG_16_50(1.0),25/04/25 23:00:00,Annual,Score,Russia,2018,28,,
ESTAT:SDG_16_50(1.0),25/04/25 23:00:00,Annual,Score,Russia,2019,28,,
ESTAT:SDG_16_50(1.0),25/04/25 23:00:00,Annual,Score,Russia,2020,30,,
ESTAT:SDG_16_50(1.0),25/04/25 23:00:00,Annual,Score,Russia,2021,29,,
ESTAT:SDG_16_50(1.0),25/04/25 23:00:00,Annual,Score,Russia,2022,28,,
ESTAT:SDG_16_50(1.0),25/04/25 23:00:00,Annual,Score,Russia,2023,26,,
ESTAT:SDG_16_50(1.0),25/04/25 23:00:00,Annual,Score,Russia,2024,22,,
ESTAT:SDG_16_50(1.0),25/04/25 23:00:00,Annual,Score,Sweden,2012,88,,
ESTAT:SDG_16_50(1.0),25/04/25 23:00:00,Annual,Score,Sweden,2013,89,,
ESTAT:SDG_16_50(1.0),25/04/25 23:00:00,Annual,Score,Sweden,2014,87,,
ESTAT:SDG_16_50(1.0),25/04/25 23:00:00,Annual,Score,Sweden,2015,89,,
ESTAT:SDG_16_50(1.0),25/04/25 23:00:00,Annual,Score,Sweden,2016,88,,
ESTAT:SDG_16_50(1.0),25/04/25 23:00:00,Annual,Score,Sweden,2017,84,,
ESTAT:SDG_16_50(1.0),25/04/25 23:00:00,Annual,Score,Sweden,2018,85,,
ESTAT:SDG_16_50(1.0),25/04/25 23:00:00,Annual,Score,Sweden,2019,85,,
ESTAT:SDG_16_50(1.0),25/04/25 23:00:00,Annual,Score,Sweden,2020,85,,
ESTAT:SDG_16_50(1.0),25/04/25 23:00:00,Annual,Score,Sweden,2021,85,,
ESTAT:SDG_16_50(1.0),25/04/25 23:00:00,Annual,Score,Sweden,2022,83,,
ESTAT:SDG_16_50(1.0),25/04/25 23:00:00,Annual,Score,Sweden,2023,82,,
ESTAT:SDG_16_50(1.0),25/04/25 23:00:00,Annual,Score,Sweden,2024,80,,
ESTAT:SDG_16_50(1.0),25/04/25 23:00:00,Annual,Score,Slovenia,2012,61,,
ESTAT:SDG_16_50(1.0),25/04/25 23:00:00,Annual,Score,Slovenia,2013,57,,
ESTAT:SDG_16_50(1.0),25/04/25 23:00:00,Annual,Score,Slovenia,2014,58,,
ESTAT:SDG_16_50(1.0),25/04/25 23:00:00,Annual,Score,Slovenia,2015,60,,
ESTAT:SDG_16_50(1.0),25/04/25 23:00:00,Annual,Score,Slovenia,2016,61,,
ESTAT:SDG_16_50(1.0),25/04/25 23:00:00,Annual,Score,Slovenia,2017,61,,
ESTAT:SDG_16_50(1.0),25/04/25 23:00:00,Annual,Score,Slovenia,2018,60,,
ESTAT:SDG_16_50(1.0),25/04/25 23:00:00,Annual,Score,Slovenia,2019,60,,
ESTAT:SDG_16_50(1.0),25/04/25 23:00:00,Annual,Score,Slovenia,2020,60,,
ESTAT:SDG_16_50(1.0),25/04/25 23:00:00,Annual,Score,Slovenia,2021,57,,
ESTAT:SDG_16_50(1.0),25/04/25 23:00:00,Annual,Score,Slovenia,2022,56,,
ESTAT:SDG_16_50(1.0),25/04/25 23:00:00,Annual,Score,Slovenia,2023,56,,
ESTAT:SDG_16_50(1.0),25/04/25 23:00:00,Annual,Score,Slovenia,2024,60,,
ESTAT:SDG_16_50(1.0),25/04/25 23:00:00,Annual,Score,Slovakia,2012,46,,
ESTAT:SDG_16_50(1.0),25/04/25 23:00:00,Annual,Score,Slovakia,2013,47,,
ESTAT:SDG_16_50(1.0),25/04/25 23:00:00,Annual,Score,Slovakia,2014,50,,
ESTAT:SDG_16_50(1.0),25/04/25 23:00:00,Annual,Score,Slovakia,2015,51,,
ESTAT:SDG_16_50(1.0),25/04/25 23:00:00,Annual,Score,Slovakia,2016,51,,
ESTAT:SDG_16_50(1.0),25/04/25 23:00:00,Annual,Score,Slovakia,2017,50,,
ESTAT:SDG_16_50(1.0),25/04/25 23:00:00,Annual,Score,Slovakia,2018,50,,
ESTAT:SDG_16_50(1.0),25/04/25 23:00:00,Annual,Score,Slovakia,2019,50,,
ESTAT:SDG_16_50(1.0),25/04/25 23:00:00,Annual,Score,Slovakia,2020,49,,
ESTAT:SDG_16_50(1.0),25/04/25 23:00:00,Annual,Score,Slovakia,2021,52,,
ESTAT:SDG_16_50(1.0),25/04/25 23:00:00,Annual,Score,Slovakia,2022,53,,
ESTAT:SDG_16_50(1.0),25/04/25 23:00:00,Annual,Score,Slovakia,2023,54,,
ESTAT:SDG_16_50(1.0),25/04/25 23:00:00,Annual,Score,Slovakia,2024,49,,
ESTAT:SDG_16_50(1.0),25/04/25 23:00:00,Annual,Score,Türkiye,2012,49,,
ESTAT:SDG_16_50(1.0),25/04/25 23:00:00,Annual,Score,Türkiye,2013,50,,
ESTAT:SDG_16_50(1.0),25/04/25 23:00:00,Annual,Score,Türkiye,2014,45,,
ESTAT:SDG_16_50(1.0),25/04/25 23:00:00,Annual,Score,Türkiye,2015,42,,
ESTAT:SDG_16_50(1.0),25/04/25 23:00:00,Annual,Score,Türkiye,2016,41,,
ESTAT:SDG_16_50(1.0),25/04/25 23:00:00,Annual,Score,Türkiye,2017,40,,
ESTAT:SDG_16_50(1.0),25/04/25 23:00:00,Annual,Score,Türkiye,2018,41,,
ESTAT:SDG_16_50(1.0),25/04/25 23:00:00,Annual,Score,Türkiye,2019,39,,
ESTAT:SDG_16_50(1.0),25/04/25 23:00:00,Annual,Score,Türkiye,2020,40,,
ESTAT:SDG_16_50(1.0),25/04/25 23:00:00,Annual,Score,Türkiye,2021,38,,
ESTAT:SDG_16_50(1.0),25/04/25 23:00:00,Annual,Score,Türkiye,2022,36,,
ESTAT:SDG_16_50(1.0),25/04/25 23:00:00,Annual,Score,Türkiye,2023,34,,
ESTAT:SDG_16_50(1.0),25/04/25 23:00:00,Annual,Score,Türkiye,2024,34,,
ESTAT:SDG_16_50(1.0),25/04/25 23:00:00,Annual,Score,United Kingdom,2012,74,,
ESTAT:SDG_16_50(1.0),25/04/25 23:00:00,Annual,Score,United Kingdom,2013,76,,
ESTAT:SDG_16_50(1.0),25/04/25 23:00:00,Annual,Score,United Kingdom,2014,78,,
ESTAT:SDG_16_50(1.0),25/04/25 23:00:00,Annual,Score,United Kingdom,2015,81,,
ESTAT:SDG_16_50(1.0),25/04/25 23:00:00,Annual,Score,United Kingdom,2016,81,,
ESTAT:SDG_16_50(1.0),25/04/25 23:00:00,Annual,Score,United Kingdom,2017,82,,
ESTAT:SDG_16_50(1.0),25/04/25 23:00:00,Annual,Score,United Kingdom,2018,80,,
ESTAT:SDG_16_50(1.0),25/04/25 23:00:00,Annual,Score,United Kingdom,2019,77,,
ESTAT:SDG_16_50(1.0),25/04/25 23:00:00,Annual,Score,United Kingdom,2020,77,,
ESTAT:SDG_16_50(1.0),25/04/25 23:00:00,Annual,Score,United Kingdom,2021,78,,
ESTAT:SDG_16_50(1.0),25/04/25 23:00:00,Annual,Score,United Kingdom,2022,73,,
ESTAT:SDG_16_50(1.0),25/04/25 23:00:00,Annual,Score,United Kingdom,2023,71,,
ESTAT:SDG_16_50(1.0),25/04/25 23:00:00,Annual,Score,United Kingdom,2024,71,,
ESTAT:SDG_16_50(1.0),25/04/25 23:00:00,Annual,Score,United States,2012,73,,
ESTAT:SDG_16_50(1.0),25/04/25 23:00:00,Annual,Score,United States,2013,73,,
ESTAT:SDG_16_50(1.0),25/04/25 23:00:00,Annual,Score,United States,2014,74,,
ESTAT:SDG_16_50(1.0),25/04/25 23:00:00,Annual,Score,United States,2015,76,,
ESTAT:SDG_16_50(1.0),25/04/25 23:00:00,Annual,Score,United States,2016,74,,
ESTAT:SDG_16_50(1.0),25/04/25 23:00:00,Annual,Score,United States,2017,75,,
ESTAT:SDG_16_50(1.0),25/04/25 23:00:00,Annual,Score,United States,2018,71,,
ESTAT:SDG_16_50(1.0),25/04/25 23:00:00,Annual,Score,United States,2019,69,,
ESTAT:SDG_16_50(1.0),25/04/25 23:00:00,Annual,Score,United States,2020,67,,
ESTAT:SDG_16_50(1.0),25/04/25 23:00:00,Annual,Score,United States,2021,67,,
ESTAT:SDG_16_50(1.0),25/04/25 23:00:00,Annual,Score,United States,2022,69,,
ESTAT:SDG_16_50(1.0),25/04/25 23:00:00,Annual,Score,United States,2023,69,,
ESTAT:SDG_16_50(1.0),25/04/25 23:00:00,Annual,Score,United States,2024,65,,
ESTAT:SDG_16_50(1.0),25/04/25 23:00:00,Annual,Score,Kosovo*,2012,34,,
ESTAT:SDG_16_50(1.0),25/04/25 23:00:00,Annual,Score,Kosovo*,2013,33,,
ESTAT:SDG_16_50(1.0),25/04/25 23:00:00,Annual,Score,Kosovo*,2014,33,,
ESTAT:SDG_16_50(1.0),25/04/25 23:00:00,Annual,Score,Kosovo*,2015,33,,
ESTAT:SDG_16_50(1.0),25/04/25 23:00:00,Annual,Score,Kosovo*,2016,36,,
ESTAT:SDG_16_50(1.0),25/04/25 23:00:00,Annual,Score,Kosovo*,2017,39,,
ESTAT:SDG_16_50(1.0),25/04/25 23:00:00,Annual,Score,Kosovo*,2018,37,,
ESTAT:SDG_16_50(1.0),25/04/25 23:00:00,Annual,Score,Kosovo*,2019,36,,
ESTAT:SDG_16_50(1.0),25/04/25 23:00:00,Annual,Score,Kosovo*,2020,36,,
ESTAT:SDG_16_50(1.0),25/04/25 23:00:00,Annual,Score,Kosovo*,2021,39,,
ESTAT:SDG_16_50(1.0),25/04/25 23:00:00,Annual,Score,Kosovo*,2022,41,,
ESTAT:SDG_16_50(1.0),25/04/25 23:00:00,Annual,Score,Kosovo*,2023,41,,
ESTAT:SDG_16_50(1.0),25/04/25 23:00:00,Annual,Score,Kosovo*,2024,44,,
